Workbook

Sheet 顧客名簿
A1: 顧客名簿 大平自動車商会
A2: コード№ | B2: 0006 | C2: 会社住所2
A3: 名 前 | B3: 荒木重義 | C3: 会社電話番号
A4: ふりがな | B4: あらきしげよし | C4: 車 名 | D4: トヨタ クラウン
A5: 自宅郵便番号 | B5: 800-0047 | C5: 車両ナンバー
A6: 自宅住所1 | B6: 福岡県北九州市門司区藤松 | C6: 車台番号 | D6: GRS214
A7: 自宅住所2 | B7: 2丁目10-5 | C7: 型式・年式番号
A8: 携帯番号 | B8: 090-2084-2570 | C8: 類別番号
A9: 自宅電話番号 | C9: 初年度
A10: 会社名 | C10: 次回車検満期日
A11: 会社郵便番号 | C11: 紹介者
A12: 会社住所1 | C12: 担当者

Sheet 顧客データベース
A1: =顧客名簿!A2 -> コード№ | B1: =顧客名簿!A3 -> 名 前 | C1: =顧客名簿!A4 -> ふりがな | D1: =顧客名簿!A5 -> 自宅郵便番号 | E1: =顧客名簿!A6 -> 自宅住所1 | F1: =顧客名簿!A7 -> 自宅住所2 | G1: =顧客名簿!A8 -> 携帯番号 | H1: =顧客名簿!A9 -> 自宅電話番号 | I1: =顧客名簿!A10 -> 会社名 | J1: =顧客名簿!A11 -> 会社郵便番号 | K1: =顧客名簿!A12 -> 会社住所1 | L1: =顧客名簿!C2 -> 会社住所2 | M1: =顧客名簿!C3 -> 会社電話番号 | N1: =顧客名簿!C4 -> 車 名 | O1: =顧客名簿!C5 -> 車両ナンバー | P1: =顧客名簿!C6 -> 車台番号 | Q1: =顧客名簿!C7 -> 型式・年式番号 | R1: =顧客名簿!C8 -> 類別番号 | S1: =顧客名簿!C9 -> 初年度 | T1: =顧客名簿!C10 -> 次回車検満期日 | U1: =顧客名簿!C11 -> 紹介者 | V1: =顧客名簿!C12 -> 担当者
A2: =IF(顧客名簿!B2="","",顧客名簿!B2) -> 0006 | B2: =IF(顧客名簿!B3="","",顧客名簿!B3) -> 荒木重義 | C2: =IF(顧客名簿!B4="","",顧客名簿!B4) -> あらきしげよし | D2: =IF(顧客名簿!B5="","",顧客名簿!B5) -> 800-0047 | E2: =IF(顧客名簿!B6="","",顧客名簿!B6) -> 福岡県北九州市門司区藤松 | F2: =IF(顧客名簿!B7="","",顧客名簿!B7) -> 2丁目10-5 | G2: =IF(顧客名簿!B8="","",顧客名簿!B8) -> 090-2084-2570 | H2: =IF(顧客名簿!B9="","",顧客名簿!B9) | I2: =IF(顧客名簿!B10="","",顧客名簿!B10) | J2: =IF(顧客名簿!B11="","",顧客名簿!B11) | K2: =IF(顧客名簿!B12="","",顧客名簿!B12) | L2: =IF(顧客名簿!D2="","",顧客名簿!D2) | M2: =IF(顧客名簿!D3="","",顧客名簿!D3) | N2: =IF(顧客名簿!D4="","",顧客名簿!D4) -> トヨタ クラウン | O2: =IF(顧客名簿!D5="","",顧客名簿!D5) | P2: =IF(顧客名簿!D6="","",顧客名簿!D6) -> GRS214 | Q2: =IF(顧客名簿!D7="","",顧客名簿!D7) | R2: =IF(顧客名簿!D8="","",顧客名簿!D8) | S2: =IF(顧客名簿!D9="","",顧客名簿!D9) | T2: =IF(顧客名簿!D10="","",顧客名簿!D10) | U2: =IF(顧客名簿!D11="","",顧客名簿!D11) | V2: =IF(顧客名簿!D12="","",顧客名簿!D12)
